step,raw_loss,smooth_loss
0,2.4549431800842285,2.4549431800842285
