step,raw_loss,smooth_loss
0,4.186496734619141,4.186496734619141
1,4.195396423339844,4.186941719055176
