step,raw_loss,smooth_loss
0,2.4549431754832223,2.4549431754832223
