step,raw_loss,smooth_loss
0,4.2050275802612305,4.2050275802612305
1,4.196108818054199,4.204581642150879
