step,raw_loss,smooth_loss
0,4.190605640411377,4.190605640411377
1,4.131192684173584,4.187634992599487
