step,raw_loss,smooth_loss
0,4.190051078796387,4.190051078796387
1,4.204372406005859,4.19076714515686
